City_ID,City,Country,Max Temp,Current Description,Lat,Lng,Hotel Name
0,Geraldton,AU,81.01,clear sky,-28.7667,114.6,Broadwater Mariner Resort
3,Rikitea,PF,77,light rain,-23.1203,-134.9692,People ThankYou
4,San Policarpo,PH,81.95,overcast clouds,12.1791,125.5072,Agapita M. Nicart
10,Kapaa,US,78.78,light rain,22.0752,-159.319,Sheraton Kauai Coconut Beach Resort
11,Vaini,TO,86.16,light rain,-21.2,-175.2,Keleti Beach Resort
21,Carnarvon,AU,78.87,clear sky,-24.8667,113.6333,Hospitality Carnarvon
23,Busselton,AU,79.05,clear sky,-33.65,115.3333,Observatory Guest House
27,Avarua,CK,80.65,scattered clouds,-21.2078,-159.775,Paradise Inn
38,Atuona,PF,78.13,scattered clouds,-9.8,-139.0333,Villa Enata
39,Itarema,BR,80.76,overcast clouds,-2.9248,-39.9167,"Sea Lounge! Bar, Club & Restaurant"
46,Cap Malheureux,MU,82.47,clear sky,-19.9842,57.6142,Pereybere Hotel & Spa
48,Butaritari,KI,82.24,light rain,3.0707,172.7902,Isles Sunset Lodge
51,Villa Bruzual,VE,76.39,broken clouds,9.3328,-69.1208,hotel italia
52,Hithadhoo,MV,82.36,overcast clouds,-0.6,73.0833,Scoop Guest House
54,Banda Aceh,ID,75.9,moderate rain,5.5577,95.3222,Sulthan Hotel International
59,Saint-Philippe,RE,83.79,scattered clouds,-21.3585,55.7679,"Chambres d'hôte ""La Trinité"""
71,Sarangani,PH,83.89,few clouds,5.4033,125.4636,Ballistic Islet
76,Gamba,GA,75.88,overcast clouds,-2.65,10,
82,Georgetown,MY,78.89,moderate rain,5.4112,100.3354,Cititel Penang
103,Maceio,BR,78.24,scattered clouds,-9.6658,-35.7353,Poutur Pousada
106,Kaitangata,NZ,75.45,broken clouds,-46.2817,169.8464,Kaitangata Motor Camp
115,Hervey Bay,AU,87.04,few clouds,-25.2986,152.8535,Shelly Bay Resort
117,Bambous Virieux,MU,82.22,few clouds,-20.3428,57.7575,Casa Tia Villa
123,Saint-Pierre,RE,84.29,clear sky,-21.3393,55.4781,Lindsey Hôtel
128,Porto Murtinho,BR,78.04,overcast clouds,-21.6989,-57.8825,Hotel Pantanal
129,Alofi,NU,84.09,few clouds,-19.0595,-169.9187,Taloa Heights
130,Mayumba,GA,75.83,broken clouds,-3.432,10.6554,LIKWALE LODGE
134,Kismayo,SO,81.81,overcast clouds,-0.3582,42.5454,Agan-Hotel
140,Sinnamary,GF,77.2,few clouds,5.3833,-52.95,ALETHEIA Appartement Sinnamary
142,Grand Gaube,MU,82.38,clear sky,-20.0064,57.6608,Veranda Paul et Virginie Hotel & Spa
147,Isangel,VU,84.31,broken clouds,-19.55,169.2667,Tanna Lodge
148,Cayenne,GF,81.09,light rain,4.9333,-52.3333,Hôtel Le Dronmi
152,Mahebourg,MU,82.26,few clouds,-20.4081,57.7,Shandrani Beachcomber Resort & Spa
153,Bandarbeyla,SO,78.67,broken clouds,9.4942,50.8122,JABIR HOTEL
155,Kavieng,PG,82.38,light rain,-2.5744,150.7967,Nusa Island Retreat
162,Mamallapuram,IN,80.65,scattered clouds,12.6264,80.1722,Radisson Blu Resort Temple Bay Mamallapuram
163,Bengkulu,ID,83.71,overcast clouds,-3.8004,102.2655,Grage Hotel Bengkulu
171,Kahului,US,75.22,scattered clouds,20.8947,-156.47,Maui Seaside Hotel
178,Villa Carlos Paz,AR,76.39,scattered clouds,-31.4241,-64.4978,Monte Carlo
185,Kavaratti,IN,82.15,few clouds,10.5669,72.642,Hotels in Lakshadweep Islands
188,Padang,ID,82.45,light rain,-0.9492,100.3543,Mercure Padang
193,Angoche,MZ,79.05,light rain,-16.2325,39.9086,Guest House HESADA
199,Puerto Madero,MX,77.2,few clouds,14.7208,-92.4215,Hospedaje madero
208,Sorong,ID,85.15,few clouds,-0.8833,131.25,Waigo Splash Hotel
217,Port Macquarie,AU,87.76,broken clouds,-31.4333,152.9167,Rydges Port Macquarie
218,Lorengau,PG,83.66,overcast clouds,-2.0226,147.2712,Lorengau Harbourside Hotel
223,Quatre Cocos,MU,82.09,clear sky,-20.2078,57.7625,Sunrise Attitude Hotel
233,Oistins,BB,78.89,scattered clouds,13.0667,-59.5333,Butterfly Beach Hotel
235,Gizo,SB,79.39,moderate rain,-8.103,156.8419,Imagination Island
237,Phan Thiet,VN,83.03,overcast clouds,10.9333,108.1,Hotel Saigon-PT
240,Lupiro,TZ,75.04,broken clouds,-8.3833,36.6667,AFRICAN JACCANA EXECUTIVE LODGE
241,Sinjai,ID,87.58,broken clouds,-5.1241,120.253,Wisma Sandika
248,Conceicao Do Araguaia,BR,75.04,moderate rain,-8.2578,-49.2647,Tarumã Tropical Hotel
253,Yeppoon,AU,87.58,clear sky,-23.1333,150.7333,Villa Mar Colina
256,Kailua,US,78.78,light rain,21.4022,-157.7394,Sheffield House Bed & Breakfast
263,Thinadhoo,MV,81.03,overcast clouds,0.5333,72.9333,
264,Namatanai,PG,81.23,overcast clouds,-3.6667,152.4333,Seagulls Inn Namatani
269,Sibu,MY,86.31,broken clouds,2.3,111.8167,RH HOTEL (4 Star)
274,Monrovia,LR,77.79,clear sky,6.3005,-10.7969,Sunset Inn
275,Vanimo,PG,86.97,scattered clouds,-2.6741,141.3028,Vahmoneh Lodge Vanimo
276,Bacolod,PH,85.46,overcast clouds,10.6667,122.95,Planta Hotel & Residences
277,Bonthe,SL,77.68,few clouds,7.5264,-12.505,Bonthe Holiday Village
283,Sigli,ID,76.84,moderate rain,5.3848,95.9609,Losmen Dua Mali
300,Waingapu,ID,87.22,overcast clouds,-9.6567,120.2641,Pondok Wisata Elim
301,Iquitos,PE,75.24,clear sky,-3.7481,-73.2472,Casa Morey Hotel & Restaurant
306,Bubaque,GW,77.11,clear sky,11.2833,-15.8333,"Casa Dora, Bubaque"
308,Puerto Escondido,MX,79.63,clear sky,15.85,-97.0667,Aldea del Bazar Hotel and Spa
312,Teahupoo,PF,75.16,light rain,-17.8333,-149.2667,Vanira Lodge
318,Pare,ID,88.43,overcast clouds,-7.7679,112.198,Hotel Kediri 1
319,Belmonte,BR,77.5,overcast clouds,-15.8631,-38.8828,Pousada Monte Carmelo O Pão
330,Teluk Nibung,ID,77.05,overcast clouds,3.001,99.8164,Hotel Assyifa
333,Poso,ID,87.49,overcast clouds,-1.3959,120.7524,Hotel 77 Poso
335,Kannur,IN,84.02,scattered clouds,11.8675,75.3576,Asokam Beach Resort and Ayurveda Chikitsa Kendram
340,Neiafu,TO,83.08,light intensity shower rain,-18.65,-173.9833,Mystic Sands Beachfront Accommodation
359,Kieta,PG,84.04,overcast clouds,-6.2167,155.6333,Uruna Bay Retreat
361,Kirakira,SB,78.91,light rain,-10.4544,161.9205,SanBiz Lodge
362,Takoradi,GH,79.29,broken clouds,4.8845,-1.7554,Raybow International Hotel
363,Chodavaram,IN,78.64,scattered clouds,17.8333,82.95,Ganesh Defence Academy chodavadaram hostel
367,Kuching,MY,86.22,scattered clouds,1.55,110.3333,The Ranee Boutique Suites
385,Niteroi,BR,75.58,broken clouds,-22.8833,-43.1036,Guesthouse
389,Klaeng,TH,85.95,overcast clouds,12.7797,101.6483,สวัสดีการ์เดนท์รีสอร์ท
392,Souillac,MU,82.36,few clouds,-20.5167,57.5167,Shanti Maurice Resort & Spa
411,Oriximina,BR,75.2,light rain,-1.7656,-55.8661,Pousada Tia Amélia
424,Montepuez,MZ,77.54,few clouds,-13.1256,38.9997,PembaAparthotel
425,Esperance,AU,75.04,scattered clouds,-33.8667,121.9,Hospitality Esperance
440,Makakilo City,US,77.32,clear sky,21.3469,-158.0858,Marriott's Ko Olina Beach Club
441,Ballina,AU,89.78,clear sky,-28.8667,153.5667,Ramada Hotel & Suites by Wyndham Ballina Byron
444,Biak,ID,85.1,overcast clouds,-0.9131,122.8766,Penginapan Kim
445,Port-Gentil,GA,80.67,broken clouds,-0.7193,8.7815,Fengshui Residence
463,Auki,SB,80.91,overcast clouds,-8.7676,160.7034,Auki Motel
464,Ransang,PH,85.55,overcast clouds,8.9603,117.5828,Black and Crystal Sand Campsite
465,Port Blair,IN,83.5,overcast clouds,11.6667,92.75,"Welcomhotel By ITC Hotels, Bay Island, Port Blair"
470,Kattivakkam,IN,81.07,scattered clouds,13.2167,80.3167,Euronova Freezer
476,Kalmunai,LK,81.97,overcast clouds,7.4167,81.8167,VS Villa
482,Merauke,ID,84.06,few clouds,-8.4667,140.3333,
483,Maicao,CO,76.62,overcast clouds,11.3832,-72.2432,Hotel Sancho
502,Ambon,ID,86.65,overcast clouds,-3.6954,128.1814,Swiss-Belhotel Ambon
517,Hobyo,SO,80.38,broken clouds,5.3505,48.5268,Halane Hotel and Restaurent
519,Kokopo,PG,77.5,overcast clouds,-4.352,152.2633,Kokopo Beach Bungalow Resort
520,Garissa,KE,79,scattered clouds,-0.4536,39.6401,Sharif Plaza Hotel
521,Dingle,PH,86.14,overcast clouds,10.9995,122.6711,SEGAYA PROPERTY
522,Harper,LR,78.93,light rain,4.375,-7.7169,Screensaver
526,Mahibadhoo,MV,82.08,overcast clouds,3.7833,72.9667,Omadhoo Inn
530,Tecoanapa,MX,75.6,scattered clouds,16.5167,-98.75,Hotel Manglares
531,Puro,PH,84.58,overcast clouds,12.4841,123.3827,
534,Caxito,AO,75.85,overcast clouds,-8.5785,13.6643,
537,Touros,BR,79.7,broken clouds,-5.1989,-35.4608,INN NEW HORIZON
539,Saint-Joseph,RE,83.21,broken clouds,-21.3667,55.6167,"""Plantation Bed and Breakfast"
546,Marsh Harbour,BS,77.09,overcast clouds,26.5412,-77.0636,Abaco Beach Resort
549,Lahaina,US,75.2,clear sky,20.8783,-156.6825,Lahaina Shores Beach Resort
551,Kiunga,PG,89.49,broken clouds,-6.1219,141.2906,Airport Lodge Kiunga
553,Nabire,ID,88.02,broken clouds,-3.3667,135.4833,Hotel Nusantara Nabire
557,Iralaya,HN,77.52,overcast clouds,15,-83.2333,Iglesia morava renovada
558,Bima,ID,88.41,overcast clouds,-8.4667,118.7167,Lambitu Hotel
560,Kloulklubed,PW,81.1,scattered clouds,7.0419,134.2556,Storyboard Beach Resort
563,Moerai,PF,78.35,clear sky,-22.4333,-151.3333,Le Manotel
564,Acapulco,MX,80.42,overcast clouds,16.8634,-99.8901,HS Hotsson Smart Acapulco
573,Acarau,BR,81.01,broken clouds,-2.8856,-40.12,castelo pizzaria
578,Prainha,BR,75.07,overcast clouds,-1.8,-53.48,Casa Rocha
581,Afzalpur,IN,75.06,clear sky,17.2,76.35,Bhagyavanti hotel (ಭಾಗ್ಯವಂತಿ ಹೋಟೆಲ್ ಅಫಜಲಪೂರ)
582,Santa Marta,CO,82.98,broken clouds,11.2408,-74.199,Casa de Isabella
586,Bonoua,CI,78.42,broken clouds,5.2741,-3.595,Hotel Bon Samaritian
593,Champasak,LA,76.08,overcast clouds,14.75,106,Kiat Ngong Wetland BUNGALOW
595,Batemans Bay,AU,77.92,light rain,-35.7167,150.1833,Batemans Bay Marina Resort
603,Axim,GH,77.99,broken clouds,4.8699,-2.2405,Axim Beach Resort And Spa
608,Cape Coast,GH,79.14,broken clouds,5.1053,-1.2466,Samrit Hotel
609,Bathsheba,BB,79.41,scattered clouds,13.2167,-59.5167,Atlantis Hotel
610,Luwuk,ID,86.4,overcast clouds,-0.9516,122.7875,Hotel Santika Luwuk
611,Anito,PH,81.54,overcast clouds,12.4497,125.2886,FELIPA LAODENIO PROPERTY
620,Boyolangu,ID,88.81,overcast clouds,-8.1181,111.8935,Yos ega cv
621,Luganville,VU,84.51,overcast clouds,-15.5333,167.1667,The Espiritu Hotel
629,Dubbo,AU,75.33,light rain,-32.25,148.6167,Comfort Inn Blue Lagoon
630,Daru,PG,84.52,broken clouds,-9.0763,143.2092,Daru Lodge
632,Lom Sak,TH,76.89,scattered clouds,16.7798,101.2422,บ้านวรฉัตร หล่มสัก
636,Conde,BR,78.26,moderate rain,-7.2597,-34.9075,Pousada Beija Flor
640,Sai Buri,TH,79.83,moderate rain,6.7013,101.6168,ร้าน​ เวดดิ้ง
645,Buchanan,LR,77.61,few clouds,5.8808,-10.0467,Kamaneahn Hotel Inc
650,Eyl,SO,79.23,broken clouds,7.9803,49.8164,Amiin Hotel
652,Cotonou,BJ,76.24,few clouds,6.3654,2.4183,Novotel Cotonou Orisha
657,Poum,NC,79.66,scattered clouds,-20.2333,164.0167,Gîte kajeon
668,Hambantota,LK,80.94,scattered clouds,6.1241,81.1185,Bungalow 63
670,Ahuimanu,US,78.51,light rain,21.4447,-157.8378,Paradise Bay Resort
671,Cockburn Town,TC,79.54,clear sky,21.4612,-71.1419,Osprey Beach Hotel
672,Nosy Varika,MG,78.6,overcast clouds,-20.5833,48.5333,Hotel Volazara
674,Umiray,PH,77.18,light rain,15.2206,121.4111,The Chairmans Residence
676,Vao,NC,75.81,broken clouds,-22.6667,167.4833,Hotel Kou-Bugny
678,Meulaboh,ID,75.11,overcast clouds,4.1363,96.1285,Kost Pria
679,San Pedro De Macoris,DO,75.49,scattered clouds,18.4616,-69.2972,Apartahotel Guaraguao
685,Byron Bay,AU,89.71,clear sky,-28.65,153.6167,Backpackers Inn
693,Camocim,BR,79.57,scattered clouds,-2.9022,-40.8411,Ilha Praia Hotel
695,Paracuru,BR,82.42,overcast clouds,-3.41,-39.0306,Hotel Vento Brasil
696,Tautira,PF,80.62,light rain,-17.7333,-149.15,Pension Oaoa
708,Sao Joao De Pirabas,BR,77.05,overcast clouds,-0.7747,-47.1772,POUSADA SOL E MAR
709,Bairiki,KI,84.2,light rain,1.3292,172.9752,Tarawa Boutique Hotel
710,Finschhafen,PG,82.6,overcast clouds,-6.6024,147.8681,Cossam Guest House
